รหัสวิชา,ชื่อวิชา,หน่วยกิต,คณะต้นสังกัด,กลุ่มสาระ - 64,สมรรถนะ - 67
01001317," ผู้นำกับการพัฒนาภาคการเกษตร
 (Leaders and Agricultural Sectors Development)",3(3-0-6),คณะเกษตร,พลเมืองไทยและพลเมืองโลก,"1 - ด้านการสื่อสารและสารสนเทศ
2 - ด้านภาวะผู้นำ
4 - ด้านทักษะการคิด
5 - ด้านพหุวัฒนธรรม
7 - ด้านการเรียนรู้ตลอดชีวิต
8 - ด้านความเป็นพลเมือง"
01004101," แมลงพารวย
 (Insects-based Wealth)",3(3-0-6),คณะเกษตร,-,"1 - ด้านการสื่อสารและสารสนเทศ
2 - ด้านภาวะผู้นำ
3 - ด้านการเป็นผู้ประกอบการ
4 - ด้านทักษะการคิด"
01005101," เทคโนโลยีเกษตรสมัยใหม่
 (Modern Agricultural Technology)",3(3-0-6),คณะเกษตร,ศาสตร์แห่งผู้ประกอบการ,"1 - ด้านการสื่อสารและสารสนเทศ
3 - ด้านการเป็นผู้ประกอบการ
4 - ด้านทักษะการคิด
8 - ด้านความเป็นพลเมือง"
01007101," พืชสวนเพื่อคุณภาพชีวิตและสิ่งแวดล้อม
 (Horticulture for life Quality and Environment)",3(3-0-6),คณะเกษตร,สุนทรียศาสตร์,"1 - ด้านการสื่อสารและสารสนเทศ
2 - ด้านภาวะผู้นำ
4 - ด้านทักษะการคิด
7 - ด้านการเรียนรู้ตลอดชีวิต"
01009102," มนุษย์และทรัพยากรธรรมชาติ
 (Humans and Natural Resources)",3(3-0-6),คณะเกษตร,พลเมืองไทยและพลเมืองโลก,"1 - ด้านการสื่อสารและสารสนเทศ
2 - ด้านภาวะผู้นำ
4 - ด้านทักษะการคิด
8 - ด้านความเป็นพลเมือง"
01015202," เกษตรวิถีไทย
 (Thai Livelihood Agriculture)",3(3-0-6),คณะเกษตร,พลเมืองไทยและพลเมืองโลก,"1 - ด้านการสื่อสารและสารสนเทศ
2 - ด้านภาวะผู้นำ
4 - ด้านทักษะการคิด
5 - ด้านพหุวัฒนธรรม
6 - ด้านการจัดการตนเอง"
01051121," อยู่กับเทคโนโลยีชีวภาพ
 (Living with Biotechnology)",3(3-0-6),คณะอุตสาหกรรมเกษตร,-,"1 - ด้านการสื่อสารและสารสนเทศ
2 - ด้านภาวะผู้นำ
4 - ด้านทักษะการคิด"
01101101," เศรษฐศาสตร์ทั่วไปในกระแสโลกาภิวัตน์
 (General Economics in Globalization)",3(3-0-6),คณะเศรษฐศาสตร์,ศาสตร์แห่งผู้ประกอบการ,4 - ด้านทักษะการคิด
01131111," การเงินสำหรับผู้ประกอบการ
 (Finance for Entrepreneurs)",3(3-0-6),คณะบริหารธุรกิจ,ศาสตร์แห่งผู้ประกอบการ,"1 - ด้านการสื่อสารและสารสนเทศ
2 - ด้านภาวะผู้นำ
3 - ด้านการเป็นผู้ประกอบการ
4 - ด้านทักษะการคิด"
01173151," เอดส์ศึกษา
 (AIDS Education)",2(2-0-4),คณะศึกษาศาสตร์,อยู่ดีมีสุข,"1 - ด้านการสื่อสารและสารสนเทศ
2 - ด้านภาวะผู้นำ
4 - ด้านทักษะการคิด
6 - ด้านการจัดการตนเอง
7 - ด้านการเรียนรู้ตลอดชีวิต
8 - ด้านความเป็นพลเมือง"
01174123," ค่ายพักแรมนันทนาการ
 (Recreation Camp)",2(1-2-4),คณะศึกษาศาสตร์,อยู่ดีมีสุข,"1 - ด้านการสื่อสารและสารสนเทศ
2 - ด้านภาวะผู้นำ
4 - ด้านทักษะการคิด
7 - ด้านการเรียนรู้ตลอดชีวิต
8 - ด้านความเป็นพลเมือง"
01174231," นันทนาการเบื้องต้น
 (Introduction to Recreation)",2(2-0-4),คณะศึกษาศาสตร์,อยู่ดีมีสุข,"2 - ด้านภาวะผู้นำ
4 - ด้านทักษะการคิด
7 - ด้านการเรียนรู้ตลอดชีวิต"
01175111," กรีฑาลู่-ลาน เพื่อสุขภาพ 
 (Track and Field for Health)",1(0-2-1),คณะศึกษาศาสตร์,อยู่ดีมีสุข,"4 - ด้านทักษะการคิด
6 - ด้านการจัดการตนเอง
7 - ด้านการเรียนรู้ตลอดชีวิต"
01175112," แบดมินตันเพื่อสุขภาพ 
 (Badminton for Health)",1(0-2-1),คณะศึกษาศาสตร์,อยู่ดีมีสุข,"2 - ด้านภาวะผู้นำ
4 - ด้านทักษะการคิด
6 - ด้านการจัดการตนเอง
7 - ด้านการเรียนรู้ตลอดชีวิต"
01175113," เทนนิสเพื่อสุขภาพ 
 (Tennis for Health)",1(0-2-1),คณะศึกษาศาสตร์,อยู่ดีมีสุข,"2 - ด้านภาวะผู้นำ
4 - ด้านทักษะการคิด
6 - ด้านการจัดการตนเอง
7 - ด้านการเรียนรู้ตลอดชีวิต"
01175114," เทเบิลเทนนิสเพื่อสุขภาพ 
 (Table Tennis for Health)",1(0-2-1),คณะศึกษาศาสตร์,อยู่ดีมีสุข,"2 - ด้านภาวะผู้นำ
4 - ด้านทักษะการคิด
6 - ด้านการจัดการตนเอง
7 - ด้านการเรียนรู้ตลอดชีวิต"
01175115," กิจกรรมยิงปืนเพื่อสุขภาพ (Shooting Activity for Health)
 *** ชื่อเดิม: ฝึกสมาธิด้วยกิจกรรมยิงปืน 
                      (Meditation with Shooting Activity)",1(0-2-1),คณะศึกษาศาสตร์,อยู่ดีมีสุข,"4 - ด้านทักษะการคิด
6 - ด้านการจัดการตนเอง
7 - ด้านการเรียนรู้ตลอดชีวิต"
01175117," ฝึกสมาธิด้วยกิจกรรมยิงธนู 
 (Meditation with Archery Activity)",1(0-2-1),คณะศึกษาศาสตร์,อยู่ดีมีสุข,"4 - ด้านทักษะการคิด
6 - ด้านการจัดการตนเอง"
01175118," แชร์บอลเพื่อสุขภาพ
 (Chair Ball for Health)",1(0-2-1),คณะศึกษาศาสตร์,อยู่ดีมีสุข,"2 - ด้านภาวะผู้นำ
6 - ด้านการจัดการตนเอง
7 - ด้านการเรียนรู้ตลอดชีวิต"
01175119," เปตองเพื่อสุขภาพ
 (Petanque for Health)",1(0-2-1),คณะศึกษาศาสตร์,อยู่ดีมีสุข,"4 - ด้านทักษะการคิด
6 - ด้านการจัดการตนเอง
7 - ด้านการเรียนรู้ตลอดชีวิต"
01175121," บาสเกตบอลเพื่อสุขภาพ
 (Basketball for Health)",1(0-2-1),คณะศึกษาศาสตร์,อยู่ดีมีสุข,"2 - ด้านภาวะผู้นำ
6 - ด้านการจัดการตนเอง
7 - ด้านการเรียนรู้ตลอดชีวิต"
01175122," ฟุตบอลเพื่อสุขภาพ
 (Soccer for Health)",1(0-2-1),คณะศึกษาศาสตร์,อยู่ดีมีสุข,"2 - ด้านภาวะผู้นำ
6 - ด้านการจัดการตนเอง
7 - ด้านการเรียนรู้ตลอดชีวิต"
01175123," วอลเลย์บอลเพื่อสุขภาพ
 (Volleyball for Health)",1(0-2-1),คณะศึกษาศาสตร์,อยู่ดีมีสุข,"2 - ด้านภาวะผู้นำ
6 - ด้านการจัดการตนเอง
7 - ด้านการเรียนรู้ตลอดชีวิต"
01175124," แฮนด์บอลเพื่อสุขภาพ
 (Handball for Health)",1(0-2-1),คณะศึกษาศาสตร์,อยู่ดีมีสุข,"2 - ด้านภาวะผู้นำ
6 - ด้านการจัดการตนเอง
7 - ด้านการเรียนรู้ตลอดชีวิต"
01175125," ซอฟท์บอลเพื่อสุขภาพ
 (Softball for Health)",1(0-2-1),คณะศึกษาศาสตร์,อยู่ดีมีสุข,"2 - ด้านภาวะผู้นำ
6 - ด้านการจัดการตนเอง
7 - ด้านการเรียนรู้ตลอดชีวิต"
01175126," ตะกร้อเพื่อสุขภาพ
 (Takraw for Health)",1(0-2-1),คณะศึกษาศาสตร์,อยู่ดีมีสุข,"2 - ด้านภาวะผู้นำ
5 - ด้านพหุวัฒนธรรม
6 - ด้านการจัดการตนเอง
7 - ด้านการเรียนรู้ตลอดชีวิต"
01175127," ฮอกกี้เพื่อสุขภาพ
 (Hockey for Health)",1(0-2-1),คณะศึกษาศาสตร์,อยู่ดีมีสุข,"2 - ด้านภาวะผู้นำ
6 - ด้านการจัดการตนเอง
7 - ด้านการเรียนรู้ตลอดชีวิต"
01175128," รักบี้ฟุตบอลเพื่อสุขภาพ 
 (Rugby Football for Health)",1(0-2-1),คณะศึกษาศาสตร์,อยู่ดีมีสุข,"2 - ด้านภาวะผู้นำ
6 - ด้านการจัดการตนเอง
7 - ด้านการเรียนรู้ตลอดชีวิต"
01175129," ฟุตซอลเพื่อสุขภาพ
 (Futsal for Health)",1(0-2-1),คณะศึกษาศาสตร์,อยู่ดีมีสุข,"2 - ด้านภาวะผู้นำ
6 - ด้านการจัดการตนเอง
7 - ด้านการเรียนรู้ตลอดชีวิต"
01175131," ว่ายน้ำเพื่อสุขภาพ
 (Swimming for Health)
",1(0-2-1),คณะศึกษาศาสตร์,อยู่ดีมีสุข,"4 - ด้านทักษะการคิด
6 - ด้านการจัดการตนเอง
7 - ด้านการเรียนรู้ตลอดชีวิต"
01175133," --ปิดรายวิชา-- 
 กระโดดน้ำ (Diving)
 ***(ภาคต้น ปีการศึกษา 2564 - ภาคปลาย ปีการศึกษา 2566)",1(0-2-1),คณะศึกษาศาสตร์,--ปิดรายวิชา--,-
01175134," --ปิดรายวิชา-- 
 โปโลน้ำ (Water Polo)
 ***(ภาคต้น ปีการศึกษา 2564 - ภาคปลาย ปีการศึกษา 2566)",1(0-2-1),คณะศึกษาศาสตร์,--ปิดรายวิชา--,-
01175141," การเต้นแอโรบิกเพื่อสุขภาพ
 (Aerobic Dance for Health)",1(0-2-1),คณะศึกษาศาสตร์,อยู่ดีมีสุข,"4 - ด้านทักษะการคิด
6 - ด้านการจัดการตนเอง
7 - ด้านการเรียนรู้ตลอดชีวิต"
01175142," การเต้นรำพื้นเมืองเพื่อสุขภาพ
 (Folk Dance for Health)",1(0-2-1),คณะศึกษาศาสตร์,อยู่ดีมีสุข,"2 - ด้านภาวะผู้นำ
4 - ด้านทักษะการคิด
5 - ด้านพหุวัฒนธรรม
6 - ด้านการจัดการตนเอง
7 - ด้านการเรียนรู้ตลอดชีวิต"
01175143," การเต้นลีลาศเพื่อสุขภาพ
 (Social Dance for Health)",1(0-2-1),คณะศึกษาศาสตร์,อยู่ดีมีสุข,"2 - ด้านภาวะผู้นำ
4 - ด้านทักษะการคิด
6 - ด้านการจัดการตนเอง
7 - ด้านการเรียนรู้ตลอดชีวิต"
01175144," รำไทยเพื่อสุขภาพ
 (Thai Classical Dance for Health)",1(0-2-1),คณะศึกษาศาสตร์,อยู่ดีมีสุข,"1 - ด้านการสื่อสารและสารสนเทศ
4 - ด้านทักษะการคิด
5 - ด้านพหุวัฒนธรรม
6 - ด้านการจัดการตนเอง
7 - ด้านการเรียนรู้ตลอดชีวิต"
01175151," ศิลปะการป้องกันตัวและการต่อสู้ด้วยดาบไทย
 (Martial Art with Thai Sword)",1(0-2-1),คณะศึกษาศาสตร์,อยู่ดีมีสุข,"4 - ด้านทักษะการคิด
5 - ด้านพหุวัฒนธรรม
6 - ด้านการจัดการตนเอง
7 - ด้านการเรียนรู้ตลอดชีวิต"
01175152," ศิลปะการป้องกันตัวและการต่อสู้ด้วยดาบสากล
 (Martial Arts with Fencing)",1(0-2-1),คณะศึกษาศาสตร์,อยู่ดีมีสุข,"4 - ด้านทักษะการคิด
6 - ด้านการจัดการตนเอง
7 - ด้านการเรียนรู้ตลอดชีวิต"
01175153," ศิลปะการป้องกันตัวและการต่อสู้ด้วยมวยไทย
 (Martial Art with Thai Boxing)",1(0-2-1),คณะศึกษาศาสตร์,อยู่ดีมีสุข,"4 - ด้านทักษะการคิด
5 - ด้านพหุวัฒนธรรม
6 - ด้านการจัดการตนเอง
7 - ด้านการเรียนรู้ตลอดชีวิต"
01175154," ศิลปะการป้องกันตัวและการต่อสู้ด้วยมวยสากล
 (Martial Art with Boxing)",1(0-2-1),คณะศึกษาศาสตร์,อยู่ดีมีสุข,"4 - ด้านทักษะการคิด
6 - ด้านการจัดการตนเอง
7 - ด้านการเรียนรู้ตลอดชีวิต"
01175155," ศิลปะการป้องกันตัวและการต่อสู้ด้วยยูโด
 (Martial Art with Judo)",1(0-2-1),คณะศึกษาศาสตร์,อยู่ดีมีสุข,"4 - ด้านทักษะการคิด
6 - ด้านการจัดการตนเอง
7 - ด้านการเรียนรู้ตลอดชีวิต"
01175156," ศิลปะการป้องกันตัวและการต่อสู้ด้วยไอคิโด
 (Martial Art with Aikido)",1(0-2-1),คณะศึกษาศาสตร์,อยู่ดีมีสุข,"4 - ด้านทักษะการคิด
6 - ด้านการจัดการตนเอง
7 - ด้านการเรียนรู้ตลอดชีวิต"
01175157," ศิลปะการป้องกันตัวและการต่อสู้ด้วยกระบี่กระบอง
 (Martial Art with Krabi-Krabong)",1(0-2-1),คณะศึกษาศาสตร์,อยู่ดีมีสุข,"4 - ด้านทักษะการคิด
5 - ด้านพหุวัฒนธรรม
6 - ด้านการจัดการตนเอง
7 - ด้านการเรียนรู้ตลอดชีวิต"
01175159," ศิลปะการป้องกันตัวและการต่อสู้ด้วยคาราเต้
 (Martial Art with Karate)",1(0-2-1),คณะศึกษาศาสตร์,อยู่ดีมีสุข,"4 - ด้านทักษะการคิด
6 - ด้านการจัดการตนเอง
7 - ด้านการเรียนรู้ตลอดชีวิต"
01175161," ฝึกสมองด้วยการเล่นบริดจ์
 (Brain Training with Playing Bridge)",1(0-2-1),คณะศึกษาศาสตร์,อยู่ดีมีสุข,"4 - ด้านทักษะการคิด
6 - ด้านการจัดการตนเอง
7 - ด้านการเรียนรู้ตลอดชีวิต"
01175162," โบว์ลิ่งเพื่อสุขภาพ
 (Bowling for Health)",1(0-2-1),คณะศึกษาศาสตร์,อยู่ดีมีสุข,"4 - ด้านทักษะการคิด
6 - ด้านการจัดการตนเอง
7 - ด้านการเรียนรู้ตลอดชีวิต"
01175163," กอล์ฟเพื่อสุขภาพ
 (Golf for Health)",1(0-2-1),คณะศึกษาศาสตร์,อยู่ดีมีสุข,"4 - ด้านทักษะการคิด
6 - ด้านการจัดการตนเอง
7 - ด้านการเรียนรู้ตลอดชีวิต"
01175164," จักรยานเพื่อสุขภาพ
 (Cycling for Health)",1(0-2-1),คณะศึกษาศาสตร์,อยู่ดีมีสุข,"4 - ด้านทักษะการคิด
6 - ด้านการจัดการตนเอง
7 - ด้านการเรียนรู้ตลอดชีวิต"
01175165," การฝึกด้วยน้ำหนักเพื่อสุขภาพ
 (Weight Training for Health)",1(0-2-1),คณะศึกษาศาสตร์,อยู่ดีมีสุข,"1 - ด้านการสื่อสารและสารสนเทศ
2 - ด้านภาวะผู้นำ
4 - ด้านทักษะการคิด
6 - ด้านการจัดการตนเอง
7 - ด้านการเรียนรู้ตลอดชีวิต"
01175166," ศิลปะการป้องกันตัวและการต่อสู้ด้วยเทควันโด
 (Martial Art with Taekwondo)",1(0-2-1),คณะศึกษาศาสตร์,อยู่ดีมีสุข,"4 - ด้านทักษะการคิด
5 - ด้านพหุวัฒนธรรม
6 - ด้านการจัดการตนเอง
7 - ด้านการเรียนรู้ตลอดชีวิต"
01175167," โยคะเพื่อสุขภาพ
 (Yoga for Health)",1(0-2-1),คณะศึกษาศาสตร์,อยู่ดีมีสุข,"4 - ด้านทักษะการคิด
6 - ด้านการจัดการตนเอง
7 - ด้านการเรียนรู้ตลอดชีวิต"
01175168," การวิ่งเหยาะเพื่อสุขภาพ
 (Jogging for Health)",1(0-2-1),คณะศึกษาศาสตร์,อยู่ดีมีสุข,"4 - ด้านทักษะการคิด
6 - ด้านการจัดการตนเอง
7 - ด้านการเรียนรู้ตลอดชีวิต"
01175169," การออกกำลังกายเพื่อพัฒนาสุขภาพแบบองค์รวม
 (Exercise for developing Holistic Health)",2(1-2-3),คณะศึกษาศาสตร์,อยู่ดีมีสุข,"2 - ด้านภาวะผู้นำ
4 - ด้านทักษะการคิด
6 - ด้านการจัดการตนเอง
7 - ด้านการเรียนรู้ตลอดชีวิต"
01176141," การวางแผนชีวิตและอาชีพสำหรับคนรุ่นใหม่
 (Life and Career Planning for the New Generation)",2(2-0-4),คณะศึกษาศาสตร์,อยู่ดีมีสุข,"1 - ด้านการสื่อสารและสารสนเทศ
3 - การเป็นผู้ประกอบการ
4 - ด้านทักษะการคิด
6 - ด้านการจัดการตนเอง
 7- ด้านการเรียนรู้ตลอดชีวิต"
01176181," ความเป็นผู้ประกอบการทางสังคมอย่างยั่งยืน
 (Sustainable Social Entrepreneurship)",3(3-0-6),คณะศึกษาศาสตร์,-,"1 - ด้านการสื่อสารและสารสนเทศ
2 - ด้านภาวะผู้นำ
3 - ด้านการเป็นผู้ประกอบการ
4 - ด้านทักษะการคิด
8 - ด้านความเป็นพลเมือง"
01177141," การแสวงหาความรู้
 (Knowledge Acquisition)",3(3-0-6),คณะศึกษาศาสตร์,ศาสตร์แห่งผู้ประกอบการ,"1 - ด้านการสื่อสารและสารสนเทศ
2 - ด้านภาวะผู้นำ
3 - ด้านการเป็นผู้ประกอบการ
4 - ด้านทักษะการคิด
6 - ด้านการจัดการตนเอง
7 - ด้านการเรียนรู้ตลอดชีวิต"
01177142," สุนทรียะในการเรียนรู้ตลอดชีวิต
 (Aesthetics in Lifelong Learning)",3(3-0-6),คณะศึกษาศาสตร์,สุนทรียศาสตร์,"1 - ด้านการสื่อสารและสารสนเทศ
2 - ด้านภาวะผู้นำ
4 - ด้านทักษะการคิด
7 - ด้านการเรียนรู้ตลอดชีวิต
8 - ด้านความเป็นพลเมือง"
01177143," การเรียนรู้เพื่อการเอาตัวรอดในสังคมยุคใหม่ 
 (Learning for Survival In the New Era)",3(3-0-6),คณะศึกษาศาสตร์,-,"1 - ด้านการสื่อสารและสารสนเทศ
2 - ด้านภาวะผู้นำ
4 - ด้านทักษะการคิด
6 - ด้านการจัดการตนเอง
7 - ด้านการเรียนรู้ตลอดชีวิต"
01177144," อิ่มเอมจิต ชีวิตมีเป้าหมาย 
 (Mindfulness for Purpose in Life)",3(3-0-6),คณะศึกษาศาสตร์,-,"1 - ด้านการสื่อสารและสารสนเทศ
2 - ด้านภาวะผู้นำ
4 - ด้านทักษะการคิด
6 - ด้านการจัดการตนเอง
7 - ด้านการเรียนรู้ตลอดชีวิต"
01179101," ภาวะผู้นำเพื่อการประกอบการ 
 (Leadership for Entrepreneurship)
 ***ชื่อเดิม: ทักษะการประกอบการ (Entrepreneurial Skills)",3(3-0-6),คณะศึกษาศาสตร์,ศาสตร์แห่งผู้ประกอบการ,"1 - ด้านการสื่อสารและสารสนเทศ
2 - ด้านภาวะผู้นำ
3 - ด้านการเป็นผู้ประกอบการ
4 - ด้านทักษะการคิด
6 - ด้านการจัดการตนเอง
8 - ด้านความเป็นพลเมือง"
01200101," การคิดเชิงนวัตกรรม
 (Innovative Thinking)",3(3-0-6),คณะวิศวกรรมศาสตร์,ศาสตร์แห่งผู้ประกอบการ,"1 - ด้านการสื่อสารและสารสนเทศ
4 - ด้านทักษะการคิด
7 - ด้านการเรียนรู้ตลอดชีวิต"
01204161," ชีวิตดิจิทัลที่ขับเคลื่อนด้วยเอไอ 
 (AI-Empowered Digital Life)",2(2-0-4),คณะวิศวกรรมศาสตร์,ภาษากับการสื่อสาร,"1 - ด้านการสื่อสารและสารสนเทศ
3 - ด้านการเป็นผู้ประกอบการ
4 - ด้านทักษะการคิด
8 - ด้านความเป็นพลเมือง"
01240011," การออกแบบในชีวิตประจำวัน
 (Design in Everyday Life)",3(3-0-6),คณะสถาปัตยกรรมศาสตร์,สุนทรียศาสตร์,"1 - ด้านการสื่อสารและสารสนเทศ
2 - ด้านภาวะผู้นำ
4 - ด้านทักษะการคิด
8 - ด้านความเป็นพลเมือง"
01242001," การออกแบบและธุรกิจผลิตภัณฑ์แนวสร้างสรรค์
 (Design and Business of Creative Products)",3(2-2-5),คณะสถาปัตยกรรมศาสตร์,ศาสตร์แห่งผู้ประกอบการ,"1 - ด้านการสื่อสารและสารสนเทศ
2 - ด้านภาวะผู้นำ
3 - ด้านการเป็นผู้ประกอบการ
4 - ด้านทักษะการคิด
7 - ด้านการเรียนรู้ตลอดชีวิต"
01244101," การออกแบบเพื่อความเป็นอยู่ที่ดี
 (Design for Well-being)",3(3-0-6),คณะสถาปัตยกรรมศาสตร์,สุนทรียศาสตร์,"4 - ด้านทักษะการคิด
8 - ด้านความเป็นพลเมือง"
01254101," สวัสดีซีฟู๊ด
 (Sawassdee Seafood)",3(3-0-6),คณะประมง,-,"1 - ด้านการสื่อสารและสารสนเทศ
2 - ด้านภาวะผู้นำ
3 - ด้านการเป็นผู้ประกอบการ
4 - ด้านทักษะการคิด
7 - ด้านการเรียนรู้ตลอดชีวิต"
01255101," มนุษย์กับทะเล
 (Man and Sea)",3(3-0-6),คณะประมง,สุนทรียศาสตร์,"1 - ด้านการสื่อสารและสารสนเทศ
4 - ด้านทักษะการคิด
5 - ด้านพหุวัฒนธรรม
6 - ด้านการจัดการตนเอง
7 - ด้านการเรียนรู้ตลอดชีวิต
8 - ด้านความเป็นพลเมือง"
01301101," การอนุรักษ์ทรัพยากรและสิ่งแวดล้อม
 (Resources and Environmental Conservation)",3(3-0-6),คณะวนศาสตร์,พลเมืองไทยและพลเมืองโลก,"1 - ด้านการสื่อสารและสารสนเทศ
2 - ด้านภาวะผู้นำ
4 - ด้านทักษะการคิด
8 - ด้านความเป็นพลเมือง"
01308101," การท่องเที่ยวทางธรรมชาติอย่างยั่งยืน
 (Sustainable Nature-based Tourism)",3(3-0-6),คณะวนศาสตร์,สุนทรียศาสตร์,"1 - ด้านการสื่อสารและสารสนเทศ
4 - ด้านทักษะการคิด
6 - ด้านการจัดการตนเอง
8 - ด้านความเป็นพลเมือง"
01350102," เล่าเรื่องด้วยภาพ
 (Visual Storytelling)",3(3-0-6),คณะมนุษยศาสตร์,สุนทรียศาสตร์,"1 - ด้านการสื่อสารและสารสนเทศ
2 - ด้านภาวะผู้นำ
4 - ด้านทักษะการคิด
6 - ด้านการจัดการตนเอง
7 - ด้านการเรียนรู้ตลอดชีวิต
8 - ด้านความเป็นพลเมือง"
01350103," --ปิดรายวิชา--
 ชีวิตยืดหยุ่นได้ (Resilient Life)
 ***(ภาคต้น ปีการศึกษา 2564 - ภาคปลาย ปีการศึกษา 2566)",3(3-0-6),คณะมนุษยศาสตร์,--ปิดรายวิชา--,-
01350104," ศิลปะการอ่านคน
 (Art of Reading People)",3(3-0-6),คณะมนุษยศาสตร์,พลเมืองไทยและพลเมืองโลก,"1 - ด้านการสื่อสารและสารสนเทศ
2 - ด้านภาวะผู้นำ
4 - ด้านทักษะการคิด
6 - ด้านการจัดการตนเอง
8 - ด้านความเป็นพลเมือง"
01354101," ภาษาเขมรเพื่อการสื่อสาร I
 (Communicative Khmer I)",3(3-0-6),คณะมนุษยศาสตร์,ภาษากับการสื่อสาร,"1 - ด้านการสื่อสารและสารสนเทศ
2 - ด้านภาวะผู้นำ
4 - ด้านทักษะการคิด"
01354102," ภาษาเขมรเพื่อการสื่อสาร II
 (Communicative Khmer II)",3(3-0-6),คณะมนุษยศาสตร์,ภาษากับการสื่อสาร,"1 - ด้านการสื่อสารและสารสนเทศ
4 - ด้านทักษะการคิด"
01354103," ภาษาเขมรเพื่อการสื่อสาร III
 (Communicative Khmer III)",3(3-0-6),คณะมนุษยศาสตร์,ภาษากับการสื่อสาร,"1 - ด้านการสื่อสารและสารสนเทศ
4 - ด้านทักษะการคิด"
01355101," ภาษาอังกฤษในชีวิตประจำวัน
 (English for Everyday Life)",3(3-0-6),คณะมนุษยศาสตร์,ภาษากับการสื่อสาร,-
01355102," ภาษาอังกฤษในมหาวิทยาลัย
 (English for University Life)",3(3-0-6),คณะมนุษยศาสตร์,ภาษากับการสื่อสาร,-
01355103," ภาษาอังกฤษเพื่อโอกาสในการทำงาน
 (English for Job Opportunities)",3(3-0-6),คณะมนุษยศาสตร์,ภาษากับการสื่อสาร,"1 - ด้านการสื่อสารและสารสนเทศ
2 - ด้านภาวะผู้นำ
4 - ด้านทักษะการคิด"
01355104," ภาษาอังกฤษสำหรับนิสิตเตรียมแพทย์ I
 (English for Pre-medical Students I)",3(3-0-6),คณะมนุษยศาสตร์,ภาษากับการสื่อสาร,"1 - ด้านการสื่อสารและสารสนเทศ
2 - ด้านภาวะผู้นำ
4 - ด้านทักษะการคิด"
01355105," ภาษาอังกฤษสำหรับนิสิตเตรียมแพทย์ II
 (English for Pre-medical Students II)",3(3-0-6),คณะมนุษยศาสตร์,ภาษากับการสื่อสาร,1 - ด้านการสื่อสารและสารสนเทศ
01355106," การสื่อสารภาษาอังกฤษทางการแพทย์
 (Communicative English in Medicine)",3(3-0-6),คณะมนุษยศาสตร์,ภาษากับการสื่อสาร,"1 - ด้านการสื่อสารและสารสนเทศ
2 - ด้านภาวะผู้นำ
4 - ด้านทักษะการคิด"
01355107," ทักษะการเขียนภาษาอังกฤษที่จำเป็น
 (Essential English Writing Skills)",3(3-0-6),คณะมนุษยศาสตร์,ภาษากับการสื่อสาร,"1 - ด้านการสื่อสารและสารสนเทศ
4 - ด้านทักษะการคิด"
01355108," ภาษาอังกฤษและวัฒนธรรมจากเพลง
 (English and Culture through Songs)",3(3-0-6),คณะมนุษยศาสตร์,ภาษากับการสื่อสาร,"1 - ด้านการสื่อสารและสารสนเทศ
2 - ด้านภาวะผู้นำ
4 - ด้านทักษะการคิด
5 - ด้านพหุวัฒนธรรม
6 - ด้านการจัดการตนเอง
7 - ด้านการเรียนรู้ตลอดชีวิต
8 - ด้านความเป็นพลเมือง"
01355109," ทักษะการฟัง-การพูดภาษาอังกฤษที่จำเป็น
 (Essential English Listening-Speaking Skills)",3(3-0-6),คณะมนุษยศาสตร์,ภาษากับการสื่อสาร,"1 - ด้านการสื่อสารและสารสนเทศ
4 - ด้านทักษะการคิด"
01355119," ทักษะการอ่านภาษาอังกฤษที่จำเป็น
 (Essential English Reading Skills)",3(3-0-6),คณะมนุษยศาสตร์,ภาษากับการสื่อสาร,"1 - ด้านการสื่อสารและสารสนเทศ
4 - ด้านทักษะการคิด"
01355121," คำและการออกเสียงในภาษาอังกฤษ
 (English Words and Pronunciation)",3(3-0-6),คณะมนุษยศาสตร์,ภาษากับการสื่อสาร,"1 - ด้านการสื่อสารและสารสนเทศ
4 - ด้านทักษะการคิด"
01355201," การอ่านและเขียนภาษาอังกฤษอย่างมีวิจารณญาณ
 (Critical Reading and Writing in English)",3(3-0-6),คณะมนุษยศาสตร์,ภาษากับการสื่อสาร,"1 - ด้านการสื่อสารและสารสนเทศ
2 - ด้านภาวะผู้นำ
4 - ด้านทักษะการคิด"
01355202," การเขียนรายงานภาษาอังกฤษ
 (Report Writing in English)",3(3-0-6),คณะมนุษยศาสตร์,ภาษากับการสื่อสาร,"1 - ด้านการสื่อสารและสารสนเทศ
4 - ด้านทักษะการคิด
7 - ด้านการเรียนรู้ตลอดชีวิต"
01355203," โครงสร้างภาษาอังกฤษ 
 (English Language Structure)",3(3-0-6),คณะมนุษยศาสตร์,ภาษากับการสื่อสาร,"1 - ด้านการสื่อสารและสารสนเทศ
4 - ด้านทักษะการคิด"
01355204," ทักษะการนำเสนอโครงงานเป็นภาษาอังกฤษ 
 (Project Presentation Skills in English)
 *** ชื่อเดิม:  การนำเสนอโครงงานเป็นภาษาอังกฤษ",3(3-0-6),คณะมนุษยศาสตร์,ภาษากับการสื่อสาร,"1 - ด้านการสื่อสารและสารสนเทศ
2 - ด้านภาวะผู้นำ
4 - ด้านทักษะการคิด"
01355205," ภาษาอังกฤษเพื่อสื่อสารมวลชน 
 (English for mass Communication)
 *** ชื่อเดิม:  การอ่านภาษาอังกฤษด้านสื่อสารมวลชน",3(3-0-6),คณะมนุษยศาสตร์,ภาษากับการสื่อสาร,"1 - ด้านการสื่อสารและสารสนเทศ
2 - ด้านภาวะผู้นำ
4 - ด้านทักษะการคิด"
01355206," ภาษาอังกฤษวิชาการ
 (Academic English)",3(3-0-6),คณะมนุษยศาสตร์,ภาษากับการสื่อสาร,"1 - ด้านการสื่อสารและสารสนเทศ
2 - ด้านภาวะผู้นำ
4 - ด้านทักษะการคิด
7 - ด้านการเรียนรู้ตลอดชีวิต"
01355207," การเขียนโต้ตอบภาษาอังกฤษ
 (English Correspondence)",3(3-0-6),คณะมนุษยศาสตร์,ภาษากับการสื่อสาร,"1 - ด้านการสื่อสารและสารสนเทศ
2 - ด้านภาวะผู้นำ
4 - ด้านทักษะการคิด"
01355208," การพัฒนาทักษะภาษาอังกฤษผ่านเกม
 (English Skill Development through Games)",3(3-0-6),คณะมนุษยศาสตร์,ภาษากับการสื่อสาร,"1 - ด้านการสื่อสารและสารสนเทศ
2 - ด้านภาวะผู้นำ
4 - ด้านทักษะการคิด
6 - ด้านการจัดการตนเอง
7 - ด้านการเรียนรู้ตลอดชีวิต
8 - ด้านความเป็นพลเมือง"
01355209," ภาษาอังกฤษเพื่อการสื่อสารในงานอาชีพ
 (Communicative English for Careers)",3(3-0-6),คณะมนุษยศาสตร์,ภาษากับการสื่อสาร,"1 - ด้านการสื่อสารและสารสนเทศ
4 - ด้านทักษะการคิด
5 - ด้านพหุวัฒนธรรม"
01355303," ภาษาอังกฤษเพื่อการสมัครงาน
 (English for Employment)",3(3-0-6),คณะมนุษยศาสตร์,ภาษากับการสื่อสาร,"1 - ด้านการสื่อสารและสารสนเทศ
2 - ด้านภาวะผู้นำ
4 - ด้านทักษะการคิด
5 - ด้านพหุวัฒนธรรม
6 - ด้านการจัดการตนเอง
7 - ด้านการเรียนรู้ตลอดชีวิต
8 - ด้านความเป็นพลเมือง"
01355304," ภาษาอังกฤษสำหรับการเดินทาง (English for Travel)
 ***(ตั้งแต่ภาคต้น ปีการศึกษา 2566 เป็นต้นไป)",3(3-0-6),คณะมนุษยศาสตร์,ภาษากับการสื่อสาร,"1 - ด้านการสื่อสารและสารสนเทศ
2 - ด้านภาวะผู้นำ
4 - ด้านทักษะการคิด
7 - ด้านการเรียนรู้ตลอดชีวิต"
01355306," ภาษาอังกฤษเพื่อความเข้าใจและซาบซึ้งในศิลปะและวัฒนธรรมไทย
 (English for Understanding and Appreciating Thai Art and Culture)
 ***(ตั้งแต่ภาคต้น ปีการศึกษา 2566 เป็นต้นไป)",3(3-0-6),คณะมนุษยศาสตร์,ภาษากับการสื่อสาร,"1 - ด้านการสื่อสารและสารสนเทศ
4 - ด้านทักษะการคิด
5 - ด้านพหุวัฒนธรรม"
01355307," ทักษะรวมภาษาอังกฤษเพื่อการสื่อสาร
 (Integrated English Language Skills for Communication)",3(3-0-6),คณะมนุษยศาสตร์,ภาษากับการสื่อสาร,"1 - ด้านการสื่อสารและสารสนเทศ
2 - ด้านภาวะผู้นำ
4 - ด้านทักษะการคิด
5 - ด้านพหุวัฒนธรรม
8 - ด้านความเป็นพลเมือง"
01356101," ภาษาฝรั่งเศสเบื้องต้น I
 (Elementary French I)",3(3-0-6),คณะมนุษยศาสตร์,ภาษากับการสื่อสาร,"1 - ด้านการสื่อสารและสารสนเทศ
2 - ด้านภาวะผู้นำ
4 - ด้านทักษะการคิด
7 - ด้านการเรียนรู้ตลอดชีวิต"
01356102," ภาษาฝรั่งเศสเบื้องต้น II
 (Elementary French II)",3(3-0-6),คณะมนุษยศาสตร์,ภาษากับการสื่อสาร,"1 - ด้านการสื่อสารและสารสนเทศ
4 - ด้านทักษะการคิด
7 - ด้านการเรียนรู้ตลอดชีวิต"
01356103," ภาษาฝรั่งเศสเบื้องต้น III
 (Elementary French III)",3(3-0-6),คณะมนุษยศาสตร์,ภาษากับการสื่อสาร,"1 - ด้านการสื่อสารและสารสนเทศ
2 - ด้านภาวะผู้นำ
4 - ด้านทักษะการคิด
5 - ด้านพหุวัฒนธรรม"
01356104," ภาษาฝรั่งเศสเบื้องต้น IV
 (Elementary French IV)",3(3-0-6),คณะมนุษยศาสตร์,ภาษากับการสื่อสาร,"1 - ด้านการสื่อสารและสารสนเทศ
2 - ด้านภาวะผู้นำ
4 - ด้านทักษะการคิด
6 - ด้านการจัดการตนเอง
7 - ด้านการเรียนรู้ตลอดชีวิต"
01357101," ภาษาเยอรมันเบื้องต้น I
 (Elementary German I)",3(3-0-6),คณะมนุษยศาสตร์,ภาษากับการสื่อสาร,"1 - ด้านการสื่อสารและสารสนเทศ
4 - ด้านทักษะการคิด
5 - ด้านพหุวัฒนธรรม"
01357102," ภาษาเยอรมันเบื้องต้น II
 (Elementary German II)",3(3-0-6),คณะมนุษยศาสตร์,ภาษากับการสื่อสาร,"1 - ด้านการสื่อสารและสารสนเทศ
4 - ด้านทักษะการคิด
5 - ด้านพหุวัฒนธรรม"
01357103," ภาษาเยอรมันเบื้องต้น III
 (Elementary German III)",3(3-0-6),คณะมนุษยศาสตร์,ภาษากับการสื่อสาร,"1 - ด้านการสื่อสารและสารสนเทศ
4 - ด้านทักษะการคิด
5 - ด้านพหุวัฒนธรรม
7 - ด้านการเรียนรู้ตลอดชีวิต"
01357104," ภาษาเยอรมันเบื้องต้น IV
 (Elementary German IV)",3(3-0-6),คณะมนุษยศาสตร์,ภาษากับการสื่อสาร,"1 - ด้านการสื่อสารและสารสนเทศ
4 - ด้านทักษะการคิด
5 - ด้านพหุวัฒนธรรม"
01358101," ภาษาญี่ปุ่นเบื้องต้น I
 (Elementary Japanese I)",3(3-0-6),คณะมนุษยศาสตร์,ภาษากับการสื่อสาร,"1 - ด้านการสื่อสารและสารสนเทศ
4 - ด้านทักษะการคิด
5 - ด้านพหุวัฒนธรรม
6 - ด้านการจัดการตนเอง
7 - ด้านการเรียนรู้ตลอดชีวิต
8 - ด้านความเป็นพลเมือง"
01358102," ภาษาญี่ปุ่นเบื้องต้น II
 (Elementary Japanese II)",3(3-0-6),คณะมนุษยศาสตร์,ภาษากับการสื่อสาร,"1 - ด้านการสื่อสารและสารสนเทศ
4 - ด้านทักษะการคิด
5 - ด้านพหุวัฒนธรรม
6 - ด้านการจัดการตนเอง
7 - ด้านการเรียนรู้ตลอดชีวิต
8 - ด้านความเป็นพลเมือง"
01358103," ภาษาญี่ปุ่นเบื้องต้น III
 (Elementary Japanese III)",3(3-0-6),คณะมนุษยศาสตร์,ภาษากับการสื่อสาร,"1 - ด้านการสื่อสารและสารสนเทศ
4 - ด้านทักษะการคิด
5 - ด้านพหุวัฒนธรรม
6 - ด้านการจัดการตนเอง
7 - ด้านการเรียนรู้ตลอดชีวิต
8 - ด้านความเป็นพลเมือง"
01358104," --ปิดรายวิชา--
 ภาษาญี่ปุ่นเบื้องต้น IV (Elementary Japanese IV)
 (ภาคต้น ปีการศึกษา 2564 - ภาคปลาย ปีการศึกษา 2566)",3(3-0-6),คณะมนุษยศาสตร์,--ปิดรายวิชา--,-
01361101," การใช้ภาษาไทยเบื้องต้น
 (Introductory Thai Usage)",3(3-0-6),คณะมนุษยศาสตร์,ภาษากับการสื่อสาร,"1 - ด้านการสื่อสารและสารสนเทศ
2 - ด้านภาวะผู้นำ
4 - ด้านทักษะการคิด
5 - ด้านพหุวัฒนธรรม"
01361102," การเขียนภาษาไทยเชิงปฏิบัติ
 (Thai Practical Writing)",3(3-0-6),คณะมนุษยศาสตร์,ภาษากับการสื่อสาร,"1 - ด้านการสื่อสารและสารสนเทศ
2 - ด้านภาวะผู้นำ
4 - ด้านทักษะการคิด
5 - ด้านพหุวัฒนธรรม"
01361103," การอ่านภาษาไทยเชิงวิจารณ์
 (Thai Critical Reading)",3(3-0-6),คณะมนุษยศาสตร์,ภาษากับการสื่อสาร,"1 - ด้านการสื่อสารและสารสนเทศ
2 - ด้านภาวะผู้นำ
4 - ด้านทักษะการคิด"
01362101," ภาษาจีน I
 (Chinese I)",3(3-0-6),คณะมนุษยศาสตร์,ภาษากับการสื่อสาร,"1 - ด้านการสื่อสารและสารสนเทศ
2 - ด้านภาวะผู้นำ
4 - ด้านทักษะการคิด
7 - ด้านการเรียนรู้ตลอดชีวิต"
01362102," ภาษาจีน II
 (Chinese II)",3(3-0-6),คณะมนุษยศาสตร์,ภาษากับการสื่อสาร,"1 - ด้านการสื่อสารและสารสนเทศ
2 - ด้านภาวะผู้นำ
4 - ด้านทักษะการคิด
7 - ด้านการเรียนรู้ตลอดชีวิต"
01362201," ภาษาจีน III
 (Chinese III)",3(3-0-6),คณะมนุษยศาสตร์,ภาษากับการสื่อสาร,"1 - ด้านการสื่อสารและสารสนเทศ
2 - ด้านภาวะผู้นำ
4 - ด้านทักษะการคิด
7 - ด้านการเรียนรู้ตลอดชีวิต"
01362202," ภาษาจีน IV
 (Chinese IV)",3(3-0-6),คณะมนุษยศาสตร์,ภาษากับการสื่อสาร,"1 - ด้านการสื่อสารและสารสนเทศ
2 - ด้านภาวะผู้นำ
4 - ด้านทักษะการคิด
7 - ด้านการเรียนรู้ตลอดชีวิต"
01362301," ภาษาจีน V
 (Chinese V)",3(3-0-6),คณะมนุษยศาสตร์,ภาษากับการสื่อสาร,"1 - ด้านการสื่อสารและสารสนเทศ
2 - ด้านภาวะผู้นำ
4 - ด้านทักษะการคิด
7 - ด้านการเรียนรู้ตลอดชีวิต"
01364101," ภาษาสเปนเพื่อการสื่อสาร I (Spanish for Communication I)
 ***(ภาคการศึกษาที่ 1 ปีการศึกษา 2566)",3(3-0-6),คณะมนุษยศาสตร์,ภาษากับการสื่อสาร,"1 - ด้านการสื่อสารและสารสนเทศ
4 - ด้านทักษะการคิด"
01364102," ภาษาสเปนเพื่อการสื่อสาร II (Spanish for Communication II)
 ***(ภาคการศึกษาที่ 1 ปีการศึกษา 2566)",3(3-0-6),คณะมนุษยศาสตร์,ภาษากับการสื่อสาร,"1 - ด้านการสื่อสารและสารสนเทศ
4 - ด้านทักษะการคิด"
01364103," ภาษาสเปนเพื่อการสื่อสาร III (Spanish for Communication III)
 ***(ภาคการศึกษาที่ 1 ปีการศึกษา 2566)",3(3-0-6),คณะมนุษยศาสตร์,ภาษากับการสื่อสาร,"1 - ด้านการสื่อสารและสารสนเทศ
4 - ด้านทักษะการคิด"
01371111," สื่อสารสนเทศเพื่อการเรียนรู้
 (Information Media for Learning)",1(1-0-2),คณะมนุษยศาสตร์,ภาษากับการสื่อสาร,"1 - ด้านการสื่อสารและสารสนเทศ
4 - ด้านทักษะการคิด
7 - ด้านการเรียนรู้ตลอดชีวิต"
01373103," เรื่องเล่ากับการแพทย์ (Narrative and Medicine)
 ",3(3-0-6),คณะมนุษยศาสตร์,อยู่ดีมีสุข,"1 - ด้านการสื่อสารและสารสนเทศ
2 - ด้านภาวะผู้นำ
4 - ด้านทักษะการคิด
6 - ด้านการจัดการตนเอง
7 - ด้านการเรียนรู้ตลอดชีวิต
8 - ด้านความเป็นพลเมือง"
01387101," ศิลปะการอยู่ร่วมกับผู้อื่น
 (The Art of Living with Others)",3(3-0-6),คณะมนุษยศาสตร์,อยู่ดีมีสุข,"1 - ด้านการสื่อสารและสารสนเทศ
2 - ด้านภาวะผู้นำ
4 - ด้านทักษะการคิด
6 - ด้านการจัดการตนเอง
7 - ด้านการเรียนรู้ตลอดชีวิต"
01387102," ปรัชญาสำหรับชีวิตยุคใหม่
 (Philosophy for Modern Life)",3(3-0-6),คณะมนุษยศาสตร์,สุนทรียศาสตร์,"1 - ด้านการสื่อสารและสารสนเทศ
2 - ด้านภาวะผู้นำ
4 - ด้านทักษะการคิด
6 - ด้านการจัดการตนเอง
7 - ด้านการเรียนรู้ตลอดชีวิต
8 - ด้านความเป็นพลเมือง"
01387103," ปรัชญาเศรษฐกิจพอเพียงกับพุทธศาสนา
 (Philosophy of Sufficiency Economics and Buddhism)",3(3-0-6),คณะมนุษยศาสตร์,อยู่ดีมีสุข,"1 - ด้านการสื่อสารและสารสนเทศ
2 - ด้านภาวะผู้นำ
4 - ด้านทักษะการคิด
8 - ด้านความเป็นพลเมือง"
01387105," พุทธจริยศาสตร์ในการดำเนินธุรกิจ
 (Buddhist Ethics of Business Operations)",3(3-0-6),คณะมนุษยศาสตร์,ศาสตร์แห่งผู้ประกอบการ,"1 - ด้านการสื่อสารและสารสนเทศ
2 - ด้านภาวะผู้นำ
3 - ด้านการเป็นผู้ประกอบการ
4 - ด้านทักษะการคิด
6 - ด้านการจัดการตนเอง
8 - ด้านความเป็นพลเมือง"
01388101," ชีวิตงามด้วยจริยธรรม (Beautiful Life with Ethics)
 ***ชื่อเดิม: จริยธรรมเพื่อสุนทรียภาพแห่งชีวิต 
                     (Ethics for the Aesthetics of Life)",3(3-0-6),คณะมนุษยศาสตร์,สุนทรียศาสตร์,"1- ด้านการสื่อสารและสารสนเทศ
2 - ด้านภาวะผู้นำ
4 - ด้านทักษะการคิด
6 - ด้านการจัดการตนเอง
7- ด้านการเรียนรู้ตลอดชีวิต
8- ด้านความเป็นพลเมือง"
01390102," การท่องเที่ยวเชิงสร้างสรรค์
 (Creative Tourism)",3(3-0-6),คณะมนุษยศาสตร์,พลเมืองไทยและพลเมืองโลก,"1 - ด้านการสื่อสารและสารสนเทศ
2 - ด้านภาวะผู้นำ
4 - ด้านทักษะการคิด
5 - ด้านพหุวัฒนธรรม
6 - ด้านการจัดการตนเอง
8 - ด้านความเป็นพลเมือง"
01390103," การท่องเที่ยวเพื่อความผาสุก
 (Tourism for Well-Being)",3(3-0-6),คณะมนุษยศาสตร์,อยู่ดีมีสุข,"1 - ด้านการสื่อสารและสารสนเทศ
2 - ด้านภาวะผู้นำ
4 - ด้านทักษะการคิด
6 - ด้านการจัดการตนเอง"
01390104," การพัฒนาบุคลิกภาพเพื่อการเป็นผู้ประกอบการสมัยใหม่
 (Personality Development for Modern Entrepreneur)",3(3-0-6),คณะมนุษยศาสตร์,ศาสตร์แห่งผู้ประกอบการ,"1 - ด้านการสื่อสารและสารสนเทศ
2 - ด้านภาวะผู้นำ
3 - ด้านการเป็นผู้ประกอบการ
4 - ด้านทักษะการคิด"
01395101," ภาษาเกาหลีเพื่อการสื่อสาร I
 (Communicative Korean I)",3(3-0-6),คณะมนุษยศาสตร์,ภาษากับการสื่อสาร,"1 - ด้านการสื่อสารและสารสนเทศ
2 - ด้านภาวะผู้นำ"
01395102," ภาษาเกาหลีเพื่อการสื่อสาร II
 (Communicative Korean II)",3(3-0-6),คณะมนุษยศาสตร์,ภาษากับการสื่อสาร,"1 - ด้านการสื่อสารและสารสนเทศ
2 - ด้านภาวะผู้นำ"
01395103," ภาษาเกาหลีเพื่อการสื่อสาร III
 (Communicative Korean III)",3(3-0-6),คณะมนุษยศาสตร์,ภาษากับการสื่อสาร,"1 - ด้านการสื่อสารและสารสนเทศ
2 - ด้านภาวะผู้นำ
5 - ด้านพหุวัฒนธรรม"
01395104," ภาษาเกาหลีเพื่อการสื่อสาร IV
 (Communicative Korean IV)",3(3-0-6),คณะมนุษยศาสตร์,ภาษากับการสื่อสาร,"1 - ด้านการสื่อสารและสารสนเทศ
4 - ด้านทักษะการคิด
5 - ด้านพหุวัฒนธรรม"
01395105," --ปิดรายวิชา--
 การอ่านและรายงานภาษาเกาหลี (Korean Reading and Oral Report)
 ***(ภาคต้น ปีการศึกษา 2564 - ภาคปลาย ปีการศึกษา 2566)",3(3-0-6),คณะมนุษยศาสตร์,--ปิดรายวิชา--,-
01399101," ภาษาเวียดนามเพื่อการสื่อสาร I
 (Communicative Vietnamese I)",3(3-0-6),คณะมนุษยศาสตร์,ภาษากับการสื่อสาร,"1 - ด้านการสื่อสารและสารสนเทศ
2 - ด้านภาวะผู้นำ"
01399102," ภาษาเวียดนามเพื่อการสื่อสาร II
 (Communicative Vietnamese II)",3(3-0-6),คณะมนุษยศาสตร์,ภาษากับการสื่อสาร,"1 - ด้านการสื่อสารและสารสนเทศ
2 - ด้านภาวะผู้นำ"
01399103," ภาษาเวียดนามเพื่อการสื่อสาร III
 (Communicative Vietnamese III)",3(3-0-6),คณะมนุษยศาสตร์,ภาษากับการสื่อสาร,"1 - ด้านการสื่อสารและสารสนเทศ
2 - ด้านภาวะผู้นำ"
01399104," --ปิดรายวิชา--
 ภาษาเวียดนามเพื่อการสื่อสาร IV (Communicative Vietnamese IV)
 ***(ภาคต้น ปีการศึกษา 2564 - ภาคปลาย ปีการศึกษา 2566)",3(3-0-6),คณะมนุษยศาสตร์,--ปิดรายวิชา--,-
01399105," --ปิดรายวิชา--
 การอ่านภาษาเวียดนาม (Vietnamese Reading)
 ***(ภาคต้น ปีการศึกษา 2564 - ภาคปลาย ปีการศึกษา 2566)",3(3-0-6),คณะมนุษยศาสตร์,--ปิดรายวิชา--,-
01399106,"  --ปิดรายวิชา--
 การฟัง-พูดภาษาเวียดนาม (Vietnamese Listening and Speaking)
 ***(ภาคต้น ปีการศึกษา 2564 - ภาคปลาย ปีการศึกษา 2566)",3(3-0-6),คณะมนุษยศาสตร์,--ปิดรายวิชา--,-
01401201," พืชเพื่อการสร้างคุณค่าชีวิต
 (Plants for Value of Life Creation)",3(3-0-6),คณะวิทยาศาสตร์,สุนทรียศาสตร์,"1 - ด้านการสื่อสารและสารสนเทศ
2 - ด้านภาวะผู้นำ
4 - ด้านทักษะการคิด
7 - ด้านการเรียนรู้ตลอดชีวิต"
01402101," การรู้เท่าทันผลิตภัณฑ์เสริมความงาม
 (Beauty Products Literacy)",3(3-0-6),คณะวิทยาศาสตร์,อยู่ดีมีสุข,"1 - ด้านการสื่อสารและสารสนเทศ
2 - ด้านภาวะผู้นำ
4 - ด้านทักษะการคิด
6 - ด้านการจัดการตนเอง"
01416101," พันธุศาสตร์ในสื่อ
 (Genetics in Media)",3(3-0-6),คณะวิทยาศาสตร์,อยู่ดีมีสุข,"1 - ด้านการสื่อสารและสารสนเทศ
4 - ด้านทักษะการคิด
6 - ด้านการจัดการตนเอง"
01417181," ความมั่งคั่งทางการเงินส่วนบุคคล
 (Personal Financial Wealth)",3(3-0-6),คณะวิทยาศาสตร์,-,"3 - ด้านการเป็นผู้ประกอบการ
4 - ด้านทักษะการคิด
6 - ด้านการจัดการตนเอง
7 - ด้านการเรียนรู้ตลอดชีวิต"
01418101," การใช้งานคอมพิวเตอร์
 (Computer Applications)",1(0-2-1),คณะวิทยาศาสตร์,ภาษากับการสื่อสาร,1 - ด้านการสื่อสารและสารสนเทศ
01418102," เทคโนโลยีสารสนเทศเพื่อผู้ประกอบการ
 (Information Technology for Entrepreneurs)",3(3-0-6),คณะวิทยาศาสตร์,ศาสตร์แห่งผู้ประกอบการ,"1 - ด้านการสื่อสารและสารสนเทศ
2 - ด้านภาวะผู้นำ
3 - ด้านการเป็นผู้ประกอบการ
4 - ด้านทักษะการคิด"
01418103," สุขภาพและสังคมดิจิทัล
 (Health and Digital Society)",2(2-0-4),คณะวิทยาศาสตร์,อยู่ดีมีสุข,-
01418104," รู้ทันไอที
 (IT Updates)",2(2-0-4),คณะวิทยาศาสตร์,ภาษากับการสื่อสาร,"1 - ด้านการสื่อสารและสารสนเทศ
4 - ด้านทักษะการคิด"
01418105," ศิลปะสร้างสรรค์ดิจิทัล
 (Digital Creative Arts)",3(2-2-5),คณะวิทยาศาสตร์,สุนทรียศาสตร์,"1 - ด้านการสื่อสารและสารสนเทศ
4 - ด้านทักษะการคิด"
01418106," ทักษะเทคโนโลยีดิจิทัล
 (Digital Technology Skills)",3(2-2-5),คณะวิทยาศาสตร์,ภาษากับการสื่อสาร,"1 - ด้านการสื่อสารและสารสนเทศ
2 - ด้านภาวะผู้นำ
4 - ด้านทักษะการคิด
7 - ด้านการเรียนรู้ตลอดชีวิต"
01420201," อัญมณีและเครื่องประดับ
 (Gems and Jewelry)",3(3-0-6),คณะวิทยาศาสตร์,สุนทรียศาสตร์,-
01421201," รังสี ชีวิต และสิ่งแวดล้อม
 (Radiation, Life and Environment)",2(2-0-4),คณะวิทยาศาสตร์,อยู่ดีมีสุข,"1 - ด้านการสื่อสารและสารสนเทศ
2 - ด้านภาวะผู้นำ
4 - ด้านทักษะการคิด
6 - ด้านการจัดการตนเอง"
01448101," ยางรอบตัวเรา
 (Rubber Around Us)",3(3-0-6),คณะวิทยาศาสตร์,-,"1 - ด้านการสื่อสารและสารสนเทศ
2 - ด้านภาวะผู้นำ
4 - ด้านทักษะการคิด"
01448102," การใช้ประโยชน์วัสดุในโมเดลเศรษฐกิจบีซีจี 
 (Material Utilization in BCG Economy Model)",3(3-0-6),คณะวิทยาศาสตร์,-,"1 - ด้านการสื่อสารและสารสนเทศ
2 - ด้านภาวะผู้นำ
4 - ด้านทักษะการคิด
6 - ด้านการจัดการตนเอง
8 - ด้านความเป็นพลเมือง"
01448103," ผืนผ้าที่ใช่กับเสื้อผ้าที่ชอบ
 (Right Fabric in the Right Clothes)",3(3-0-6),คณะวิทยาศาสตร์,-,"1 - ด้านการสื่อสารและสารสนเทศ
2 - ด้านภาวะผู้นำ
3 - ด้านการเป็นผู้ประกอบการ
4 - ด้านทักษะการคิด
5 - ด้านพหุวัฒนธรรม"
01453101," สิทธิขั้นพื้นฐาน
 (Fundamental Rights)",3(3-0-6),คณะสังคมศาสตร์,พลเมืองไทยและพลเมืองโลก,"1 - ด้านการสื่อสารและสารสนเทศ
2 - ด้านภาวะผู้นำ
4 - ด้านทักษะการคิด
7 - ด้านการเรียนรู้ตลอดชีวิต
8 - ด้านความเป็นพลเมือง"
01453102," กฎหมายในชีวิตประจำวัน
 (Law in Everyday Life)",3(3-0-6),คณะสังคมศาสตร์,อยู่ดีมีสุข,"1 - ด้านการสื่อสารและสารสนเทศ
2 - ด้านภาวะผู้นำ
4 - ด้านทักษะการคิด"
01453103," กฎหมายสำหรับผู้ประกอบการใหม่
 (Laws for New Entrepreneur)",3(3-0-6),คณะสังคมศาสตร์,ศาสตร์แห่งผู้ประกอบการ,"1 - ด้านการสื่อสารและสารสนเทศ
2 - ด้านภาวะผู้นำ
3 - ด้านการเป็นผู้ประกอบการ
4 - ด้านทักษะการคิด"
01455101," การเมืองโลกในชีวิตประจำวัน
 (Global Politics in Daily Life)",3(3-0-6),คณะสังคมศาสตร์,พลเมืองไทยและพลเมืองโลก,"1 - ด้านการสื่อสารและสารสนเทศ
2 - ด้านภาวะผู้นำ
4 - ด้านทักษะการคิด
6 - ด้านการจัดการตนเอง
7 - ด้านการเรียนรู้ตลอดชีวิต
8 - ด้านความเป็นพลเมือง"
01459101," จิตวิทยาเพื่อชีวิตสมัยใหม่
 (Psychology for Modern Life)",3(3-0-6),คณะสังคมศาสตร์,อยู่ดีมีสุข,"4 - ด้านทักษะการคิด
6 - ด้านการจัดการตนเอง
7 - ด้านการเรียนรู้ตลอดชีวิต
8 - ด้านความเป็นพลเมือง"
01459102," จิตวิทยากับความหลากหลายของมนุษย์
 (Psychology and Human Diversity)",3(3-0-6),คณะสังคมศาสตร์,อยู่ดีมีสุข,"1 - ด้านการสื่อสารและสารสนเทศ
4 - ด้านทักษะการคิด
6 - ด้านการจัดการตนเอง
7 - ด้านการเรียนรู้ตลอดชีวิต"
01460101," สังคมและวัฒนธรรมไทยร่วมสมัย
 (Contemporary Thai Society and Culture)",3(3-0-6),คณะสังคมศาสตร์,พลเมืองไทยและพลเมืองโลก,"1 - ด้านการสื่อสารและสารสนเทศ
2 - ด้านภาวะผู้นำ
4 - ด้านทักษะการคิด
5 - ด้านพหุวัฒนธรรม
6 - ด้านการจัดการตนเอง
7 - ด้านการเรียนรู้ตลอดชีวิต
8 - ด้านความเป็นพลเมือง"
01931101," ทักษะชีวิตในสังคมไทยสำหรับชาวต่างชาติ 
 (Life Skills in Thai Society for Foreigners)",3(3-0-6),วิทยาลัยนานาชาติ,-,"1 - ด้านการสื่อสารและสารสนเทศ
2 - ด้านภาวะผู้นำ
4 - ด้านทักษะการคิด
5 - ด้านพหุวัฒนธรรม
6 - ด้านการจัดการตนเอง"
01931102," Resilience and Sustainable Development Goals",3(3-0-6),วิทยาลัยนานาชาติ,-,"1- ด้านการสื่อสารและสารสนเทศ
2 - ด้านภาวะผู้นำ
4 - ด้านทักษะการคิด
6 - ด้านการจัดการตนเอง
7- ด้านการเรียนรู้ตลอดชีวิต
8- ด้านความเป็นพลเมือง"
01931103," Low Carbon Life for a Greener Future",3(3-0-6),วิทยาลัยนานาชาติ,-,"1- ด้านการสื่อสารและสารสนเทศ
4 - ด้านทักษะการคิด
7- ด้านการเรียนรู้ตลอดชีวิต
8- ด้านความเป็นพลเมือง"
01931104," Beverages in Thai Culture",3(3-0-6),วิทยาลัยนานาชาติ,-,"1 - ด้านการสื่อสารและสารสนเทศ
2 - ด้านภาวะผู้นำ
4 - ด้านทักษะการคิด
5 - ด้านพหุวัฒนธรรม
7 - ด้านการเรียนรู้ตลอดชีวิต"
01931105," Foresight for Life",3(3-0-6),วิทยาลัยนานาชาติ,-,"1 - ด้านการสื่อสารและสารสนเทศ
2 - ด้านภาวะผู้นำ
3 - ด้านการเป็นผู้ประกอบการ
4 - ด้านทักษะการคิด
6 - ด้านการจัดการตนเอง
7 - ด้านการเรียนรู้ตลอดชีวิต
8 - ด้านความเป็นพลเมือง"
01931106," AI Awareness and Literacy",1(1-0-2),วิทยาลัยนานาชาติ,-,"1 - ด้านการสื่อสารและสารสนเทศ
2 - ด้านภาวะผู้นำ
4 - ด้านทักษะการคิด
6 - ด้านการจัดการตนเอง
7 - ด้านการเรียนรู้ตลอดชีวิต
8 - ด้านความเป็นพลเมือง"
01950113," โรคติดเชื้อรอบตัวเรา
 (Infectious Diseases Around Us)",3(3-0-6),คณะแพทยศาสตร์,-,"1 - ด้านการสื่อสารและสารสนเทศ
2 - ด้านภาวะผู้นำ
4 - ด้านทักษะการคิด
6 - ด้านการจัดการตนเอง
8 - ด้านความเป็นพลเมือง"
01999011," อาหารเพื่อมนุษยชาติ
 (Food for Mankind)",3(3-0-6),วิทยาลัยบูรณาการศาสตร์,อยู่ดีมีสุข,"1 - ด้านการสื่อสารและสารสนเทศ
2 - ด้านภาวะผู้นำ
4 - ด้านทักษะการคิด
6 - ด้านการจัดการตนเอง
8 - ด้านความเป็นพลเมือง"
01999012," สุขภาพเพื่อชีวิต
 (Health for Life)",3(3-0-6),วิทยาลัยบูรณาการศาสตร์,อยู่ดีมีสุข,"1 - ด้านการสื่อสารและสารสนเทศ
2 - ด้านภาวะผู้นำ
4 - ด้านทักษะการคิด
6 - ด้านการจัดการตนเอง"
01999013," พลเมืองดิจิทัล
 (Digital Citizens)",3(2-2-5),วิทยาลัยบูรณาการศาสตร์,พลเมืองไทยและพลเมืองโลก,"1 - ด้านการสื่อสารและสารสนเทศ
2 - ด้านภาวะผู้นำ
4 - ด้านทักษะการคิด
7 - ด้านการเรียนรู้ตลอดชีวิต
8 - ด้านความเป็นพลเมือง"
01999021," ภาษาไทยเพื่อการสื่อสารในงานวิชาการและวิชาชีพ 
 (Thai Language for Academic and Professional Communication)
 ***ชื่อเดิม: ภาษาไทยเพื่อการสื่อสาร",3(3-0-6),วิทยาลัยบูรณาการศาสตร์,ภาษากับการสื่อสาร,"1 - ด้านการสื่อสารและสารสนเทศ
2 - ด้านภาวะผู้นำ
3 - ด้านการเป็นผู้ประกอบการ
4 - ด้านทักษะการคิด
5 - ด้านพหุวัฒนธรรม"
01999022," ภาษาไทยในบริบทวัฒนธรรมสำหรับชาวต่างชาติ
 (Thai Language in Cultural Context for Foreigners)
 ***ชื่อเดิม: ภาษาไทยในบริบทวัฒนธรรม",3(3-0-6),วิทยาลัยบูรณาการศาสตร์,ภาษากับการสื่อสาร,"1 - ด้านการสื่อสารและสารสนเทศ
2 - ด้านภาวะผู้นำ
4 - ด้านทักษะการคิด
5 - ด้านพหุวัฒนธรรม
7 - ด้านการเรียนรู้ตลอดชีวิต"
01999023," ทักษะความเข้าใจและใช้เทคโนโลยีดิจิทัล
 (Digital Literacy)","2(1-2-3) ",วิทยาลัยบูรณาการศาสตร์,ภาษากับการสื่อสาร,"1- ด้านการสื่อสารและสารสนเทศ
4 - ด้านทักษะการคิด
7- ด้านการเรียนรู้ตลอดชีวิต
8- ด้านความเป็นพลเมือง"
01999031," มรดกอารยธรรมโลก
 (The Heritage of World Civilizations)",3(3-0-6),วิทยาลัยบูรณาการศาสตร์,พลเมืองไทยและพลเมืองโลก,"1 - ด้านการสื่อสารและสารสนเทศ
2 - ด้านภาวะผู้นำ
4 - ด้านทักษะการคิด
5 - ด้านพหุวัฒนธรรม"
01999032," ไทยศึกษา
 (Thai Studies)",3(3-0-6),วิทยาลัยบูรณาการศาสตร์,พลเมืองไทยและพลเมืองโลก,"1 - ด้านการสื่อสารและสารสนเทศ
2 - ด้านภาวะผู้นำ
4 - ด้านทักษะการคิด
5 - ด้านพหุวัฒนธรรม
7 - ด้านการเรียนรู้ตลอดชีวิต"
01999033," ศิลปะการดำเนินชีวิต
 (Arts of Living)",3(3-0-6),วิทยาลัยบูรณาการศาสตร์,อยู่ดีมีสุข,"1 - ด้านการสื่อสารและสารสนเทศ
2 - ด้านภาวะผู้นำ
4 - ด้านทักษะการคิด
5 - ด้านพหุวัฒนธรรม
6 - ด้านการจัดการตนเอง"
01999034," ศิลปวิจักษณ์
 (Art Perception)",3(3-0-6),วิทยาลัยบูรณาการศาสตร์,สุนทรียศาสตร์,"1 - ด้านการสื่อสารและสารสนเทศ
2 - ด้านภาวะผู้นำ
4 - ด้านทักษะการคิด
5 - ด้านพหุวัฒนธรรม
6 - ด้านการจัดการตนเอง
7 - ด้านการเรียนรู้ตลอดชีวิต"
01999035," วัฒนธรรมดนตรีกับชีวิต
 (Music Culture in Life)",3(3-0-6),วิทยาลัยบูรณาการศาสตร์,สุนทรียศาสตร์,"1 - ด้านการสื่อสารและสารสนเทศ
2 - ด้านภาวะผู้นำ
4 - ด้านทักษะการคิด
5 - ด้านพหุวัฒนธรรม"
01999036," ความสุขในพลวัตของชีวิต
 (Happiness amongst Life Dynamics)",3(3-0-6),วิทยาลัยบูรณาการศาสตร์,อยู่ดีมีสุข,"4 - ด้านทักษะการคิด
6 - ด้านการจัดการตนเอง"
01999041," เศรษฐศาสตร์เพื่อการดำเนินชีวิตที่ดี
 (Economics for Better Living)",3(3-0-6),วิทยาลัยบูรณาการศาสตร์,ศาสตร์แห่งผู้ประกอบการ,"1 - ด้านการสื่อสารและสารสนเทศ
3 - ด้านการเป็นผู้ประกอบการ
4 - ด้านทักษะการคิด
6 - ด้านการจัดการตนเอง
7 - ด้านการเรียนรู้ตลอดชีวิต
8 - ด้านความเป็นพลเมือง"
01999043," การคิดสร้างสรรค์เพื่อการจัดการคุณค่า
 (Creativity for Value Management)",3(3-0-6),วิทยาลัยบูรณาการศาสตร์,ศาสตร์แห่งผู้ประกอบการ,"1 - ด้านการสื่อสารและสารสนเทศ
2 - ด้านภาวะผู้นำ
3 - ด้านการเป็นผู้ประกอบการ
4 - ด้านทักษะการคิด
6 - ด้านการจัดการตนเอง
7 - ด้านการเรียนรู้ตลอดชีวิต
8 - ด้านความเป็นพลเมือง"
01999046," การพัฒนาความมั่นคงแห่งชาติ
 (National Security Development)",3(3-0-6),วิทยาลัยบูรณาการศาสตร์,พลเมืองไทยและพลเมืองโลก,"1 - ด้านการสื่อสารและสารสนเทศ
2 - ด้านภาวะผู้นำ
4 - ด้านทักษะการคิด
5 - ด้านพหุวัฒนธรรม
8 - ด้านความเป็นพลเมือง"
01999047," การทหารเพื่อการพัฒนาประเทศ
 (Military for Country Development)",3(3-0-6),วิทยาลัยบูรณาการศาสตร์,พลเมืองไทยและพลเมืองโลก,-
01999048," นวัตกรรมเพื่อสิ่งแวดล้อมและสุขภาวะ
 (Innovation for Environment and Well-being)",3(3-0-6),วิทยาลัยบูรณาการศาสตร์,อยู่ดีมีสุข,"1- ด้านการสื่อสารและสารสนเทศ
2 - ด้านภาวะผู้นำ
3 - ด้านการเป็นผู้ประกอบการ
4 - ด้านทักษะการคิด
8- ด้านความเป็นพลเมือง"
01999051," การพัฒนาสมรรถนะหลักผ่านสุขภาพหนึ่งเดียว
 (Development of Core Competency through One Health)",2(2-0-4),วิทยาลัยบูรณาการศาสตร์,อยู่ดีมีสุข,"1 - ด้านการสื่อสารและสารสนเทศ
2 - ด้านภาวะผู้นำ
4 - ด้านทักษะการคิด"
01999091," การพัฒนาตนเองผ่านการเรียนรู้นอกห้องเรียน 
 (Self-Development through Outside Classroom Learning)",1-8,วิทยาลัยบูรณาการศาสตร์,-,"1 - ด้านการสื่อสารและสารสนเทศ
3 - ด้านการเป็นผู้ประกอบการ
4 - ด้านทักษะการคิด
7 - ด้านการเรียนรู้ตลอดชีวิต"
01999092," การพัฒนาตนเองผ่านกิจกรรมการเรียนรู้ 
 (Self-Development through Learning Activities)",1-8,วิทยาลัยบูรณาการศาสตร์,-,"1 - ด้านการสื่อสารและสารสนเทศ
2 - ด้านภาวะผู้นำ
3 - ด้านการเป็นผู้ประกอบการ
4 - ด้านทักษะการคิด
6 - ด้านการจัดการตนเอง
7 - ด้านการเรียนรู้ตลอดชีวิต
8 - ด้านความเป็นพลเมือง"
01999093," การพัฒนาตนเองผ่านประสบการณ์ทำงาน 
 (Self-Development through Work Experience)",1-8,วิทยาลัยบูรณาการศาสตร์,-,"1 - ด้านการสื่อสารและสารสนเทศ
2 - ด้านภาวะผู้นำ
3 - ด้านการเป็นผู้ประกอบการ
4 - ด้านทักษะการคิด
6 - ด้านการจัดการตนเอง
7 - ด้านการเรียนรู้ตลอดชีวิต
8 - ด้านความเป็นพลเมือง"
01999111," เกษตรศาสตร์สร้างศาสตร์แห่งแผ่นดิน 
 (Kasetsart Creating Knowledge of the Land)
 ***ชื่อเดิม: ศาสตร์แห่งแผ่นดิน (Knowledge of the Land)",2(2-0-4),วิทยาลัยบูรณาการศาสตร์,พลเมืองไทยและพลเมืองโลก,"1 - ด้านการสื่อสารและสารสนเทศ
2 - ด้านภาวะผู้นำ
3 - ด้านการเป็นผู้ประกอบการ
4 - ด้านทักษะการคิด
5 - ด้านพหุวัฒนธรรม
6 - ด้านการจัดการตนเอง
7 - ด้านการเรียนรู้ตลอดชีวิต
8 - ด้านความเป็นพลเมือง"
01999112," แนวคิดเศรษฐกิจหมุนเวียนเพื่อความยั่งยืน
 (Circular Economy Concept for Sustainability)",3(2-3-6),วิทยาลัยบูรณาการศาสตร์,ศาสตร์แห่งผู้ประกอบการ,"1 - ด้านการสื่อสารและสารสนเทศ
2 - ด้านภาวะผู้นำ
3 - ด้านการเป็นผู้ประกอบการ
4 - ด้านทักษะการคิด
6 - ด้านการจัดการตนเอง
8 - ด้านความเป็นพลเมือง"
01999113," วัยใสใจสะอาด
 (Honest Youngsters)
",3(3-0-6),วิทยาลัยบูรณาการศาสตร์,พลเมืองไทยและพลเมืองโลก,"1 - ด้านการสื่อสารและสารสนเทศ
2 - ด้านภาวะผู้นำ
4 - ด้านทักษะการคิด
8 - ด้านความเป็นพลเมือง"
01999114," ใจพิเศษสำหรับคนพิเศษ
 (Special Minds for Special Needs)",3(3-0-6),วิทยาลัยบูรณาการศาสตร์,-,"1- ด้านการสื่อสารและสารสนเทศ
2 - ด้านภาวะผู้นำ
4 - ด้านทักษะการคิด
6 - ด้านการจัดการตนเอง
7- ด้านการเรียนรู้ตลอดชีวิต
8- ด้านความเป็นพลเมือง"
01999141," มนุษย์กับสังคม
 (Man and Society)",3(3-0-6),วิทยาลัยบูรณาการศาสตร์,พลเมืองไทยและพลเมืองโลก,"1 - ด้านการสื่อสารและสารสนเทศ
4 - ด้านทักษะการคิด
5 - ด้านพหุวัฒนธรรม
8 - ด้านความเป็นพลเมือง"
01999213," สิ่งแวดล้อม เทคโนโลยีและชีวิต
 (Environment, Technology and Life)",3(3-0-6),วิทยาลัยบูรณาการศาสตร์,อยู่ดีมีสุข,"1- ด้านการสื่อสารและสารสนเทศ
2 - ด้านภาวะผู้นำ
4 - ด้านทักษะการคิด
8- ด้านความเป็นพลเมือง"
02032303," การเกษตรกับคุณภาพชีวิตที่ดี
 (Agriculture and Quality of Life)",3(3-0-6),คณะเกษตร กำแพงแสน,อยู่ดีมีสุข,"3 - ด้านการเป็นผู้ประกอบการ
4 - ด้านทักษะการคิด
6 - ด้านการจัดการตนเอง
7 - ด้านการเรียนรู้ตลอดชีวิต"
02032304," เกษตรเพื่อโลกสีเขียว
 (Agriculture for Green Earth)",2(2-0-4),คณะเกษตร กำแพงแสน,อยู่ดีมีสุข,"3 - ด้านการเป็นผู้ประกอบการ
4 - ด้านทักษะการคิด
8 - ด้านความเป็นพลเมือง"
02207102," มนุษย์ สังคม และการเปลี่ยนแปลงสภาพภูมิอากาศ 
 (Human, Society and Climate Change)",3(3-0-6),คณะวิศวกรรมศาสตร์ กำแพงแสน,พลเมืองไทยและพลเมืองโลก,"1 - ด้านการสื่อสารและสารสนเทศ
2 - ด้านภาวะผู้นำ
4 - ด้านทักษะการคิด
8 - ด้านความเป็นพลเมือง"
02207103," ช่างประจำบ้าน (Home Handyman)",3(3-0-6),คณะวิศวกรรมศาสตร์ กำแพงแสน,อยู่ดีมีสุข,"2 - ด้านภาวะผู้นำ
3 - ด้านการเป็นผู้ประกอบการ
4 - ด้านทักษะการคิด
6 - ด้านการจัดการตนเอง
7 - ด้านการเรียนรู้ตลอดชีวิต
8 - ด้านความเป็นพลเมือง"
02701011," การใช้ภาษาไทยเพื่อธุรกิจ วิทยาศาสตร์และเทคโนโลยี
 (Thai Usage for Business Sciences and Technology)",3(3-0-6),"คณะศิลปศาสตร์และวิทยาศาสตร์ ",ภาษากับการสื่อสาร,"1 - ด้านการสื่อสารและสารสนเทศ
2 - ด้านภาวะผู้นำ
3 - ด้านการเป็นผู้ประกอบการ
4 - ด้านทักษะการคิด
5 - ด้านพหุวัฒนธรรม"
02708102," วรรณกรรมกับวิทยาศาสตร์
 (Literature and Science)",3(3-0-6),"คณะศิลปศาสตร์และวิทยาศาสตร์ ",สุนทรียศาสตร์,"1 - ด้านการสื่อสารและสารสนเทศ
4 - ด้านทักษะการคิด
7 - ด้านการเรียนรู้ตลอดชีวิต"
02714101," การคิดเชิงวิพากษ์และการแก้ปัญหา
 (Critical Thinking and Problem Solving)",3(3-0-6),"คณะศิลปศาสตร์และวิทยาศาสตร์ ",ศาสตร์แห่งผู้ประกอบการ,"1 - ด้านการสื่อสารและสารสนเทศ
2 - ด้านภาวะผู้นำ
4 - ด้านทักษะการคิด"
02717011," ตนและการพัฒนาตน
 (Self and Self Development)",3(3-0-6),"คณะศิลปศาสตร์และวิทยาศาสตร์ ",อยู่ดีมีสุข,"1 - ด้านการสื่อสารและสารสนเทศ
2 - ด้านภาวะผู้นำ
4 - ด้านทักษะการคิด
6 - ด้านการจัดการตนเอง
7 - ด้านการเรียนรู้ตลอดชีวิต"
02717112," การเมืองไทยร่วมสมัย
 (Contemporary Thai Politics)",3(3-0-6),"คณะศิลปศาสตร์และวิทยาศาสตร์ ",พลเมืองไทยและพลเมืองโลก,"1 - ด้านการสื่อสารและสารสนเทศ
2 - ด้านภาวะผู้นำ
4 - ด้านทักษะการคิด
6 - ด้านการจัดการตนเอง
8 - ด้านความเป็นพลเมือง"
02721121," การจัดการธุรกิจเพื่อสังคมที่ยั่งยืน
 (Business Management for Social Sustainability)",3(3-0-6),"คณะศิลปศาสตร์และวิทยาศาสตร์ ",ศาสตร์แห่งผู้ประกอบการ,"1 - ด้านการสื่อสารและสารสนเทศ
2 - ด้านภาวะผู้นำ
3 - ด้านการเป็นผู้ประกอบการ
4 - ด้านทักษะการคิด
7 - ด้านการเรียนรู้ตลอดชีวิต
8 - ด้านความเป็นพลเมือง"
02724011," การสื่อสารระหว่างวัฒนธรรม
 (Intercultural Communication)",3(3-0-6),"คณะศิลปศาสตร์และวิทยาศาสตร์ ",ภาษากับการสื่อสาร,"1 - ด้านการสื่อสารและสารสนเทศ
4 - ด้านทักษะการคิด
5 - ด้านพหุวัฒนธรรม
6 - ด้านการจัดการตนเอง
7 - ด้านการเรียนรู้ตลอดชีวิต"
02724012," การพัฒนาบุคลิกภาพ
 (Personality Development)",3(3-0-6),"คณะศิลปศาสตร์และวิทยาศาสตร์ ",อยู่ดีมีสุข,"1 - ด้านการสื่อสารและสารสนเทศ
2 - ด้านภาวะผู้นำ
4 - ด้านทักษะการคิด
5 - ด้านพหุวัฒนธรรม
6 - ด้านการจัดการตนเอง"
02727104," สิ่งมีชีวิตกับภัยพิบัติทางธรรมชาติ
 (Living Things and Natural Disasters)",3(3-0-6),"คณะศิลปศาสตร์และวิทยาศาสตร์ ",อยู่ดีมีสุข,"1 - ด้านการสื่อสารและสารสนเทศ
2 - ด้านภาวะผู้นำ
4 - ด้านทักษะการคิด
6 - ด้านการจัดการตนเอง
8 - ด้านความเป็นพลเมือง"
02728101," เคมีในชีวิตสมัยใหม่
 (Chemistry in Modern Life)",3(3-0-6),"คณะศิลปศาสตร์และวิทยาศาสตร์ ",อยู่ดีมีสุข,"1 - ด้านการสื่อสารและสารสนเทศ
2 - ด้านภาวะผู้นำ
4 - ด้านทักษะการคิด
5 - ด้านพหุวัฒนธรรม"
02728102," สารสีในงานศิลปะ
 (Pigments in art)",3(3-0-6),"คณะศิลปศาสตร์และวิทยาศาสตร์ ",สุนทรียศาสตร์,"1 - ด้านการสื่อสารและสารสนเทศ
2 - ด้านภาวะผู้นำ
4 - ด้านทักษะการคิด
5 - ด้านพหุวัฒนธรรม"
02733101," อยู่อย่างฉลาดกับพลาสติก
 (Smart Living with Plastics)",3(3-0-6),"คณะศิลปศาสตร์และวิทยาศาสตร์ ",-,"1- ด้านการสื่อสารและสารสนเทศ
2 - ด้านภาวะผู้นำ
4 - ด้านทักษะการคิด
8- ด้านความเป็นพลเมือง"
02999037," ศิลปะแห่งสุนทรียศาสตร์เพื่อความสุข
 (Atrs of Aesthetics for Happiness)",3(3-0-6),โครงการบูรณาการ วิทยาเขตกำแพงแสน,สุนทรียศาสตร์,"1 - ด้านการสื่อสารและสารสนเทศ
2 - ด้านภาวะผู้นำ
4 - ด้านทักษะการคิด
5 - ด้านพหุวัฒนธรรม
7 - ด้านการเรียนรู้ตลอดชีวิต
8 - ด้านความเป็นพลเมือง"
02999038," ความสุขในศตวรรษที่ 21
 (Happiness in the 21st Century)",3(3-0-6),โครงการบูรณาการ วิทยาเขตกำแพงแสน,อยู่ดีมีสุข,"1 - ด้านการสื่อสารและสารสนเทศ
2 - ด้านภาวะผู้นำ
4 - ด้านทักษะการคิด
6 - ด้านการจัดการตนเอง
8 - ด้านความเป็นพลเมือง"
02999042," การพัฒนานิสิต
 (Students Development)",3(2-3-6),โครงการบูรณาการ วิทยาเขตกำแพงแสน,พลเมืองไทยและพลเมืองโลก,"1 - ด้านการสื่อสารและสารสนเทศ
2 - ด้านภาวะผู้นำ
4 - ด้านทักษะการคิด
5 - ด้านพหุวัฒนธรรม
6 - ด้านการจัดการตนเอง
7 - ด้านการเรียนรู้ตลอดชีวิต
8 - ด้านความเป็นพลเมือง"
02999044," เศรษฐกิจพอเพียงเพื่อการดำรงชีวิต
 (Sufficiency Economy for Living)",3(3-0-6),โครงการบูรณาการ วิทยาเขตกำแพงแสน,อยู่ดีมีสุข,"1 - ด้านการสื่อสารและสารสนเทศ
2 - ด้านภาวะผู้นำ
3 - ด้านการเป็นผู้ประกอบการ
4 - ด้านทักษะการคิด
5 - ด้านพหุวัฒนธรรม
7 - ด้านการเรียนรู้ตลอดชีวิต
8 - ด้านความเป็นพลเมือง"
02999045," การเพิ่มคุณค่าชีวิตด้วยวิถีชุมชน
 (Enhancement of Living Value through Community Path)",3(3-0-6),โครงการบูรณาการ วิทยาเขตกำแพงแสน,อยู่ดีมีสุข,"1 - ด้านการสื่อสารและสารสนเทศ
4 - ด้านทักษะการคิด
7 - ด้านการเรียนรู้ตลอดชีวิต
8 - ด้านความเป็นพลเมือง"
02999049," การออกแบบความคิดเชิงสร้างสรรค์สำหรับธุรกิจเพื่อสังคม
 (Creative Design Thinking for Social Enterprise)
",3(3-0-6),โครงการวิชาบูรณาการ วิทยาเขตกำแพงแสน,-,"1 - ด้านการสื่อสารและสารสนเทศ
2 - ด้านภาวะผู้นำ
3 - ด้านการเป็นผู้ประกอบการ
4 - ด้านทักษะการคิด
7 - ด้านการเรียนรู้ตลอดชีวิต
8 - ด้านความเป็นพลเมือง"
02999144," ทักษะชีวิตการเป็นนิสิตมหาวิทยาลัย
 (Life Skill for Undergraduate Student)",1(1-0-2),โครงการบูรณาการ วิทยาเขตกำแพงแสน,พลเมืองไทยและพลเมืองโลก,"1 - ด้านการสื่อสารและสารสนเทศ
2 - ด้านภาวะผู้นำ
4 - ด้านทักษะการคิด
6 - ด้านการจัดการตนเอง
7 - ด้านการเรียนรู้ตลอดชีวิต
8 - ด้านความเป็นพลเมือง"
02999147," ไทยในพลวัตอาเซียน 
 (The Thai ASEAN Dynamics)",3(3-0-6),โครงการบูรณาการ วิทยาเขตกำแพงแสน,พลเมืองไทยและพลเมืองโลก,"1 - ด้านการสื่อสารและสารสนเทศ
2 - ด้านภาวะผู้นำ
4 - ด้านทักษะการคิด
5 - ด้านพหุวัฒนธรรม"
03521101," ทะเลกับชีวิต
 (Sea and Life)",3(3-0-6),คณะพาณิชยนาวีนานาชาติ,อยู่ดีมีสุข,"1 - ด้านการสื่อสารและสารสนเทศ
4 - ด้านทักษะการคิด
7 - ด้านการเรียนรู้ตลอดชีวิต
8 - ด้านความเป็นพลเมือง"
03521102," เขตทางทะเล และการจัดการทรัพยากรทางทะเลและชายฝั่ง
 (Maritime Zones, Marine Resources and Coastal Management)
 ***รหัสเดิม: 03999179",3(3-0-6),คณะพาณิชยนาวีนานาชาติ,พลเมืองไทยและพลเมืองโลก,"1 - ด้านการสื่อสารและสารสนเทศ
2 - ด้านภาวะผู้นำ
4 - ด้านทักษะการคิด
5 - ด้านพหุวัฒนธรรม
8 - ด้านความเป็นพลเมือง"
03600012," เทคโนโลยีสีเขียว
 (Green Technology)",3(3-0-6),คณะวิศวกรรมศาสตร์ ศรีราชา,สุนทรียศาสตร์,"1 - ด้านการสื่อสารและสารสนเทศ
3 - ด้านการเป็นผู้ประกอบการ
4 - ด้านทักษะการคิด"
03600013," เครื่องมือและทักษะทางคอมพิวเตอร์ที่จำเป็น
 (Essential Computer Tools and Skills)",1(0-3-2),คณะวิศวกรรมศาสตร์ ศรีราชา,ภาษากับการสื่อสาร,"1 - ด้านการสื่อสารและสารสนเทศ
2 - ด้านภาวะผู้นำ
4 - ด้านทักษะการคิด"
03600014," การแก้ปัญหาเชิงสร้างสรรค์และทักษะการคิดเชิงวิพากษ์
 (Creative Problem Solving and Critical Thinking Skills)",3(3-0-6),คณะวิศวกรรมศาสตร์ ศรีราชา,ศาสตร์แห่งผู้ประกอบการ,"1 - ด้านการสื่อสารและสารสนเทศ
2 - ด้านภาวะผู้นำ
3 - ด้านการเป็นผู้ประกอบการ
4 - ด้านทักษะการคิด"
03654111," สุนทรียศาสตร์ทางการกีฬา
 (Aesthetics of Sport)",3(3-0-6),คณะวิทยาศาสตร์ ศรีราชา,สุนทรียศาสตร์,"1 - ด้านการสื่อสารและสารสนเทศ
2 - ด้านภาวะผู้นำ
4 - ด้านทักษะการคิด
5 - ด้านพหุวัฒนธรรม
6 - ด้านการจัดการตนเอง
7 - ด้านการเรียนรู้ตลอดชีวิต
8 - ด้านความเป็นพลเมือง"
03654112," สมุนไพรไทยให้คุณ
 (Thai Herbs and their Benefits)",3(3-0-6),คณะวิทยาศาสตร์ ศรีราชา,อยู่ดีมีสุข,"1 - ด้านการสื่อสารและสารสนเทศ
2 - ด้านภาวะผู้นำ
3 - ด้านการเป็นผู้ประกอบการ
4 - ด้านทักษะการคิด
5 - ด้านพหุวัฒนธรรม
8 - ด้านความเป็นพลเมือง"
03654113," กิจกรรมทางกายเพื่อชีวิตสมัยใหม่
 (Physical Activities for Modern Life)",3(3-0-6),คณะวิทยาศาสตร์ ศรีราชา,อยู่ดีมีสุข,"1 - ด้านการสื่อสารและสารสนเทศ
2 - ด้านภาวะผู้นำ
4 - ด้านทักษะการคิด
6 - ด้านการจัดการตนเอง
7 - ด้านการเรียนรู้ตลอดชีวิต"
03654114," โมบายแอปพลิเคชันสำหรับชีวิตยุคใหม่
 (Mobile Applications for Modern Life)",3(3-0-6),คณะวิทยาศาสตร์ ศรีราชา,อยู่ดีมีสุข,"1 - ด้านการสื่อสารและสารสนเทศ
2 - ด้านภาวะผู้นำ
4 - ด้านทักษะการคิด
6 - ด้านการจัดการตนเอง
7 - ด้านการเรียนรู้ตลอดชีวิต
8 - ด้านความเป็นพลเมือง"
03654115," กีฬาเพื่อสันทนาการ
 (Recreational Sports)",3(2-2-5),คณะวิทยาศาสตร์ ศรีราชา,-,"1- ด้านการสื่อสารและสารสนเทศ
2 - ด้านภาวะผู้นำ
4 - ด้านทักษะการคิด
6 - ด้านการจัดการตนเอง
7- ด้านการเรียนรู้ตลอดชีวิต"
03751111," มนุษย์กับสิ่งแวดล้อม
 (Man and Environment)",3(3-0-6),คณะวิทยาการจัดการ,พลเมืองไทยและพลเมืองโลก,"1 - ด้านการสื่อสารและสารสนเทศ
4 - ด้านทักษะการคิด"
03751112," สังคมและการเมือง 
 (Social and Politics)",3(3-0-6),คณะวิทยาการจัดการ,พลเมืองไทยและพลเมืองโลก,"1 - ด้านการสื่อสารและสารสนเทศ
4 - ด้านทักษะการคิด
7 - ด้านการเรียนรู้ตลอดชีวิต
8 - ด้านความเป็นพลเมือง"
03752111," ทรัพยากรสารสนเทศเพื่อการค้นคว้า
 (Information Resources for Research)",1(1-0-2),คณะวิทยาการจัดการ,ภาษากับการสื่อสาร,"1 - ด้านการสื่อสารและสารสนเทศ
2 - ด้านภาวะผู้นำ
4 - ด้านทักษะการคิด"
03754221," การออกเสียงภาษาอังกฤษขั้นพื้นฐาน
 (Basic English Pronunciation)",3(3-0-6),คณะวิทยาการจัดการ,ภาษากับการสื่อสาร,"1 - ด้านการสื่อสารและสารสนเทศ
2 - ด้านภาวะผู้นำ
4 - ด้านทักษะการคิด
7 - ด้านการเรียนรู้ตลอดชีวิต"
03754231," การอ่านภาษาอังกฤษในชีวิตประจำวัน
 (English Reading in Daily life)",3(3-0-6),คณะวิทยาการจัดการ,ภาษากับการสื่อสาร,"1 - ด้านการสื่อสารและสารสนเทศ
2 - ด้านภาวะผู้นำ
4 - ด้านทักษะการคิด"
03754241," โครงสร้างทางไวยากรณ์ภาษาอังกฤษ
 (English Grammatical Structure)",3(3-0-6),คณะวิทยาการจัดการ,ภาษากับการสื่อสาร,"1 - ด้านการสื่อสารและสารสนเทศ
4 - ด้านทักษะการคิด"
03754251," การเขียนย่อหน้าภาษาอังกฤษ
 (English Paragraph Writing)",3(3-0-6),คณะวิทยาการจัดการ,ภาษากับการสื่อสาร,"1 - ด้านการสื่อสารและสารสนเทศ
2 - ด้านภาวะผู้นำ
7 - ด้านการเรียนรู้ตลอดชีวิต"
03754271," ภาษาอังกฤษเพื่องานอาชีพ
 (English for Careers)",3(3-0-6),คณะวิทยาการจัดการ,ภาษากับการสื่อสาร,"1 - ด้านการสื่อสารและสารสนเทศ
4 - ด้านทักษะการคิด"
03757123," คณิตศาสตร์สำหรับธุรกิจ
 (Mathematics for Business)",3(3-0-6),คณะวิทยาการจัดการ,ศาสตร์แห่งผู้ประกอบการ,"1 - ด้านการสื่อสารและสารสนเทศ
2 - ด้านภาวะผู้นำ
3 - ด้านการเป็นผู้ประกอบการ
4 - ด้านทักษะการคิด"
04101201," วิถีชีวิตเศรษฐกิจพอเพียง
 (Lifestyle of Sufficiency Economy)",3(3-0-6),คณะทรัพยากรธรรมชาติและอุตสาหกรรมเกษตร,อยู่ดีมีสุข,"4 - ด้านทักษะการคิด
5 - ด้านพหุวัฒนธรรม
7 - ด้านการเรียนรู้ตลอดชีวิต
8 - ด้านความเป็นพลเมือง"
04101302," จิตอาสาเพื่อพัฒนาชุมชน
 (Volunteer Spirit for Community Development)",3(3-0-6),คณะทรัพยากรธรรมชาติและอุตสาหกรรมเกษตร,พลเมืองไทยและพลเมืองโลก,"1 - ด้านการสื่อสารและสารสนเทศ
2 - ด้านภาวะผู้นำ
4 - ด้านทักษะการคิด
8 - ด้านความเป็นพลเมือง"
04152201," วิถีโภชนาการใหม่เพื่อชีวิต 
 (New Trend Nutrition for Life)",3(3-0-6),คณะทรัพยากรธรรมชาติและอุตสาหกรรมเกษตร,อยู่ดีมีสุข,"1 - ด้านการสื่อสารและสารสนเทศ
2 - ด้านภาวะผู้นำ
4 - ด้านทักษะการคิด
6 - ด้านการจัดการตนเอง"
04355181," กิจกรรมยามว่างเพื่อสุขภาพ
 (Leisure Activity for Health)",3(3-0-6),คณะศิลปศาสตร์และวิทยาการจัดการ,อยู่ดีมีสุข,"1 - ด้านการสื่อสารและสารสนเทศ
2 - ด้านภาวะผู้นำ
4 - ด้านทักษะการคิด
6 - ด้านการจัดการตนเอง
7 - ด้านการเรียนรู้ตลอดชีวิต
8 - ด้านความเป็นพลเมือง"
04355182," การออกกำลังกายเพื่อสุขภาพที่ดี
 (Exercises for Wellbeing) 
 ***ปรับปรุงจากวิชา 04837111***",3(3-0-6),คณะศิลปศาสตร์และวิทยาการจัดการ,-,"1 - ด้านการสื่อสารและสารสนเทศ
2 - ด้านภาวะผู้นำ
4 - ด้านทักษะการคิด
6 - ด้านการจัดการตนเอง
7 - ด้านการเรียนรู้ตลอดชีวิต"
04355185," จานร่อนเพื่อสุขภาพ
 (Flying Disc for health)",1(0-2-1),คณะศิลปศาสตร์และวิทยาการจัดการ,อยู่ดีมีสุข,"1 - ด้านการสื่อสารและสารสนเทศ
2 - ด้านภาวะผู้นำ
4 - ด้านทักษะการคิด
6 - ด้านการจัดการตนเอง"
04837111," กีฬาเพื่อสุขภาพที่ดี
 (Sports for Wellbeing)",2(1-2-3),คณะศิลปศาสตร์และวิทยาการจัดการ,อยู่ดีมีสุข,-